payid,sourceid,amount,currency,payment_type,reference,status,approved,risk,captured_actid,isFailed
pay_yxkoulju6vnkdo6z3p7enuzutu,src_khgwoixoeobutihoqcihyhyioe,1045,EUR,Regular,,Captured,true,false,,true
pay_hw7zvhywbafkxfsoxsdp4pbx2q,src_rryff44frwiudervfzwinrn4x4,1045,EUR,Regular,,Captured,true,false,,true
pay_fsynsbil2hy2rlo7uqzfgcuglm,src_tewyy2pwguyu7j6ze7ojbe5fyu,1045,EUR,Regular,,Captured,true,false,,true
pay_lkhgw56r2ff2hfn5ri2m6lolne,src_m5uivmq3ek6erlg5xozdb2hxhm,1045,EUR,Regular,,Captured,true,false,,true
pay_66b2dginjdn2dmvseqntpstteu,src_iy4722ldugaunmy57rnq4skufe,1045,EUR,Regular,,Captured,true,false,,true
pay_bmt3lp7tcr32xb6vsfhoe2g7am,src_o3jogeghnutefggd65ggszv4xu,1045,EUR,Regular,,Captured,true,false,,true
pay_jdav7m3xeypk5gaonnxbmca73m,src_muzih72clg4ezdpqm7rymdye6m,1045,EUR,Regular,,Captured,true,false,,true
pay_x4evn3fsclv2fauim5ktoip7j4,src_6mguwyir3wjeppv7dng4cxk7o4,1045,EUR,Regular,,Captured,true,false,,true
pay_qxtiaguxfpi2ldqbvgxyhskuuy,src_jvcbol7s5mxeng3eyu3gqzuxzi,1045,EUR,Regular,,Captured,true,false,,true
pay_dpzifswcort2dp5qzqoahgwjiq,src_azuaw3bcd2sevibry4a44k52n4,1045,EUR,Regular,,Captured,true,false,,true
pay_dyzirqpwjp6kbaczn4bvfc667m,src_exmw46y655be5kuzpn6zqb4qt4,1045,EUR,Regular,,Captured,true,false,,true
pay_5rxijqqxt2t2dlgevx3lt4acka,src_wuq2elyt432e3pjyo6bn5re7hu,1045,EUR,Regular,,Captured,true,false,,true
pay_ywp4st24gnakrcvms74p3oujjy,src_2pa2crq36xnezjsax4i7dcggau,1045,EUR,Regular,,Captured,true,false,,true
pay_ewg4mpbazwmkdlfyi5wfb2spqa,src_ltlkecc2dbjurjvnds42ki26zu,1045,EUR,Regular,,Captured,true,false,,true
pay_c2wmr3ldap72nm472cnhtfe53u,src_zxlxjrbzdtge7knihjeuphzrva,1045,EUR,Regular,,Captured,true,false,,true
pay_3r54s5ohojhkdecnvtevbzcd3q,src_l7inpx2fqssuph6voiwe5scqbi,1045,EUR,Regular,,Captured,true,false,,true
pay_elfe5zy55iq2tohjeme6w7wyiq,src_sltkjjtzrwmuboutlgckvd6iwu,1045,EUR,Regular,,Captured,true,false,,true
pay_a3cohwih26e2nooxoelamdtx7e,src_f2lkmxv64nqu5oskwqwpioecqi,1045,EUR,Regular,,Captured,true,false,,true
pay_h2vkadmp2ia2lcijaquaniouoy,src_j7f4pth5h2buxjjzpepuzhwbqa,1045,EUR,Regular,,Captured,true,false,,true
pay_w5nnitq2fx2ktp5kceyh5decvi,src_ul7enwg4n65ufpaaaedxuqa4bm,1045,EUR,Regular,,Captured,true,false,,true
pay_qgxdjh7tddekncwxp6wtsyxwpi,src_njgf7zpopujuzl2cuoenlh5fge,1045,EUR,Regular,,Captured,true,false,,true
pay_bxemerfzxunk7kmnbnvsu5u2gi,src_b7e474ec5uyu3bkvb777ifod7i,1045,EUR,Regular,,Captured,true,false,,true
pay_xjqqudpv3x5kjl626cbpf7aqz4,src_lopprd7rqrqujoavktcnzxxgpa,1045,EUR,Regular,,Captured,true,false,,true
pay_67xurazbmhs2hcuvmceert4j6m,src_aneyg4tuiapufoylqugdrnkhoi,1045,EUR,Regular,,Captured,true,false,,true
pay_wtjoeqsuitkk3akfkdlyadpju4,src_qp4ltaku3rse5l5nxpwwpfp3oi,1045,EUR,Regular,,Captured,true,false,,true
pay_mnnqafral5x2nopadqh4qzj6om,src_laqgzr6ahg2uxfkh7iaz77a5ve,1045,EUR,Regular,,Captured,true,false,,true
pay_fdwmhzh2tuz23hkrrnue6qonc4,src_3pagh6brljbuxnyj3vnioo7iru,1045,EUR,Regular,,Captured,true,false,,true
pay_mr7i3gappzwklocwrw363dmo2e,src_xdomxypqyhbudhpjmdxk2ugmpm,1045,EUR,Regular,,Captured,true,false,,true
pay_brq77uacubrkzhh7qvlnb2ancm,src_t66emyu7bcwetonmdhjkkrisja,1045,EUR,Regular,,Captured,true,false,,true
pay_jndgnotogbaklamvul23vfxf6i,src_ozbgxls6pyne3mwcztottox7pi,1045,EUR,Regular,,Captured,true,false,,true
pay_fn5lqgcdksk2pk7zzykmkc7eum,src_t6lukipt4w7uxfdwsfaoscdkse,1045,EUR,Regular,,Captured,true,false,,true
pay_qlzgc5ns7o32php2aeja6svmsy,src_m4qevjf7tqvudiqd5db2l43zri,1045,EUR,Regular,,Captured,true,false,,true
pay_f2jzhph5zuqkxel3li6p4kxcrm,src_x534n2gercte5aw5egxwqdfg2q,1045,EUR,Regular,,Captured,true,false,,true
pay_4p2bu3gtukm27dht34dlbwyifa,src_kd22kop5t55upofsgqvpucubna,1045,EUR,Regular,,Captured,true,false,,true
pay_3nekprhq3iy2dbxuqrlgzzxl5a,src_lgcbdmvdw72ujhf4vhanp2sfei,1045,EUR,Regular,,Captured,true,false,,true
pay_zslhvzz23vx2zdrpjypuaptyom,src_lfgyarxzndmu7mihubaufjohsi,1045,EUR,Regular,,Captured,true,false,,true
pay_gerizwfk2jnkbp5oq2mkbrelqe,src_raeu4u2va2tutnfisa6lte4kae,1045,EUR,Regular,,Captured,true,false,,true
pay_jrwqrvpkdlskbbrawdumym75fq,src_ghcta7debfqelkej4f7uchejja,1045,EUR,Regular,,Captured,true,false,,true
pay_agpr6qymgey2rltu6dgiw3mpi4,src_bgubx4wrllpelm243vkrawgqtm,1045,EUR,Regular,,Captured,true,false,,true
pay_gkhelojuzyykliczqweteyxuii,src_h4mu7mftrwhu7mbn535j3zgriu,1045,EUR,Regular,,Captured,true,false,,true
pay_sq7nrs2zzyykdnkns5i6lwwtru,src_xi25d3fwsayuvhqllzrl6w7z2y,1045,EUR,Regular,,Captured,true,false,,true
pay_4yzeqs4xyu4k3bxigs4t3dbfoe,src_pg2be4jxrtiefmcqm757g5kimm,1045,EUR,Regular,,Captured,true,false,,true
pay_qdm7edbt3rukhkmwb5nu55tqk4,src_rwa63ybaw7bufebbq3dq4p3yr4,1045,EUR,Regular,,Captured,true,false,,true
pay_jog54rvkbgo2fhkv6bllvbh7cu,src_oituv7aia7fuzivcujw4jsnh3i,1045,EUR,Regular,,Captured,true,false,,true
pay_pfk33xew5pbkvf3xbmeg2c3xhq,src_q3xcvuqh3w6u5b577f6a5e3dje,1045,EUR,Regular,,Captured,true,false,,true
pay_neg4wxglippkjjkmx62fo4i55m,src_zw5ut7zq22suhcuigf7votjheu,1045,EUR,Regular,,Captured,true,false,,true
pay_qj63v4ut6yj2fkmdmtndobhhhe,src_l6f5hkxxomruhiwbvm54cpmgfa,1045,EUR,Regular,,Captured,true,false,,true
pay_xuizw5fq2alkbe2fcwqxmfo7oi,src_5isvrlfl7cqehpwursryd6vp3m,1045,EUR,Regular,,Captured,true,false,,true
pay_7wux2f2ym4bkdnjrjptoxvibpu,src_kohuzic7r3oe7kzoxwdotyjdni,1045,EUR,Regular,,Captured,true,false,,true
pay_z32tei2yzo72fec6y7z46n7zje,src_rg4xxlzraenetjvhsyt6mvach4,1045,EUR,Regular,,Captured,true,false,,true
pay_7rbhwody52w2vnyk4ld4okgmtq,src_4duwf22avp4etcvgittfbgsdsy,1045,EUR,Regular,,Captured,true,false,,true
pay_oga2odioi2rkvk6hvnkr3mw6ne,src_4zn4e7x2bnbevdzemnfrtxbkc4,1045,EUR,Regular,,Captured,true,false,,true
pay_npoigi22m3ekxixsuhmxspukge,src_foat7tu7hmtudckn67yor3wwse,1045,EUR,Regular,,Captured,true,false,,true
pay_wdp6wwyk4ekktmm3i5o6ywioue,src_ibug2donbczedeqxftnc5ftepe,1045,EUR,Regular,,Captured,true,false,,true
pay_wqkeffn3atqktb4aoaex5rab24,src_kmcwaiys5gvebgmlli3556pbca,1045,EUR,Regular,,Captured,true,false,,true
pay_a7nhxugjugt2nopoisjaa65ote,src_o7ktiyugro3enml2vjwh24hcoe,1045,EUR,Regular,,Captured,true,false,,true
pay_kbij57kxxeu2ngvenhjqzb6xcy,src_qaxv6z6gjbjuzcl63yab2zugzm,1045,EUR,Regular,,Captured,true,false,,true
pay_5ruy52yq5dvknlb2eag7as5hou,src_ghcdm7gjmc7e5fucl4kuupnbvm,1045,EUR,Regular,,Captured,true,false,,true
pay_sdmawsg7o5akdaywha5olmarma,src_55qgrx3xh7qulklevkrjol2wae,1045,EUR,Regular,,Captured,true,false,,true
pay_elp3grot4dbkxe57tbo2bupeda,src_ninmsld3kzledfgpgtnrhdpuia,1045,EUR,Regular,,Captured,true,false,,true
pay_bxpfp6b2yrikjgkzl6yehx6dji,src_v4ka6ilx2shu5pxwhj2o4ysv4i,1045,EUR,Regular,,Captured,true,false,,true
pay_766j5z4dqsk2jccrg4yjlws5ge,src_45tlcdnq6h6ezdezlsvz2ykake,1045,EUR,Regular,,Captured,true,false,,true
pay_5vpjwglc5jo2jmp5bf54pdy6rq,src_l6tlz2c6lr3urgt4pnwbpibdoe,1045,EUR,Regular,,Captured,true,false,,true
pay_rscl7za2yed2vnus3ug5d2nana,src_qp3f5aeqaksurenvtul3vjjn24,1045,EUR,Regular,,Captured,true,false,,true
pay_ra35d75lluwktc3zb5waemk6oy,src_odmpdfgawcyurlfldutxrm4w4u,1045,EUR,Regular,,Captured,true,false,,true
pay_c6kvi3qzmr5khjpmr7w7tyfuky,src_snn6xfqkmxeu3ka32damk6hnnm,1045,EUR,Regular,,Captured,true,false,,true
pay_2jmarigzelyktpxtzejtgjdgeq,src_fzg6dbvfmyruznz7silmvlsa5u,1045,EUR,Regular,,Captured,true,false,,true
pay_qgoeemax3ao2xp67khfomxwvuq,src_puit6shuio7uzfvu3mcrrktq6y,1045,EUR,Regular,,Captured,true,false,,true
pay_734yiuwy6myk5dkxjx7wkzncz4,src_gruweze6btpu5bd3rdrp3no6qu,1045,EUR,Regular,,Captured,true,false,,true
pay_b2dxamzf4fk23dui7vznc52rh4,src_ouyxl3pg3hpung42ih6q33c7bu,1045,EUR,Regular,,Captured,true,false,,true
pay_l2taniwnbk62xfulpofj4ktfgq,src_s2sg6h7ii4rergv3tfmijpeisu,1045,EUR,Regular,,Captured,true,false,,true
pay_j4ayfsgruqhk3jrus4v2atrl7u,src_gl3hpajotj6utmtlsvj5lq4piu,1045,EUR,Regular,,Captured,true,false,,true
pay_vh3rihq7djvknh6q3sq6hgalsi,src_hxkz6hagcnderbka2froacvh4e,1045,EUR,Regular,,Captured,true,false,,true
pay_byssiv3ghuvkdkboilt4fthygi,src_n5eqdmbwclke7gqouqwn7ch2f4,1045,EUR,Regular,,Captured,true,false,,true
pay_4dbtl5zuo262nhjtgz72g6yoei,src_tjn2hzkphg2urh5i5fmuvnho3a,1045,EUR,Regular,,Captured,true,false,,true
pay_jvbmbjb5z5x2fn3s6u6vj6hvni,src_6usukaubylmepn2uzt2s6k7gvy,1045,EUR,Regular,,Captured,true,false,,true
pay_pqoqb7ktpw6kpb63ihdravhpgi,src_owpibfd6blwunpqiybeeu447ba,1045,EUR,Regular,,Captured,true,false,,true
pay_5x4t7t75p772besclzf3v5rz2a,src_fcwtln2suabedbmyvk5dna3llu,1045,EUR,Regular,,Captured,true,false,,true
pay_vv27zuwefwq2zlywvsb74hqw2e,src_6h7bsd6p2s7e3ft43ke2xlanc4,1045,EUR,Regular,,Captured,true,false,,true
pay_f245fw7qzxbktbe6z5byk3gmti,src_5q22tswuym2utnnjyihkcaefei,1045,EUR,Regular,,Authorized,true,false,act_uuq42e6clge2lgr5kvt7llvowa,
pay_va3ja7gtgedkfaxny5td7vzi6a,src_5tsspkdpucpezh2amaq6ecdsyy,1045,EUR,Regular,,Authorized,true,false,act_3ebecv2j56qk5jaooa4lacnzpm,
pay_l753uidgkzd2bn6lnev4qywaoq,src_332nppp4s6tenjkg3dokfc2rzq,1045,EUR,Regular,,Authorized,true,false,act_wzukxei7j3e2zhdppkqcjoqc3y,
pay_xnfpghdkphfktju3ifuomgumiq,src_gqn4tzskl6yuteye5l5zcxvnwq,1045,EUR,Regular,,Authorized,true,false,act_ezokojkgfoikfmy2v76iewvknm,
pay_ir5v3223hmn27olzizz5znr2ee,src_qu4x2uji7s6urk4ohl2bl4cxwe,1045,EUR,Regular,,Authorized,true,false,act_p3t4j6iscyx2bcz3qr66v3ql6m,
pay_qpsdycrd74ekpnzgiqpt3ongzu,src_qnk6zwwcdrge3kqlhkfj7afnwi,1045,EUR,Regular,,Authorized,true,false,act_gsndtelw7de2xhbcwp7uyukgoy,
pay_yokdy7mjcz42lbfgzcgumtzcdm,src_cmb723nnjq6uddcfpccrfhttaq,1045,EUR,Regular,,Authorized,true,false,act_lkqyj6exkca2tgbeqwse2h3qiq,
pay_zikuguqwx2r23jwfhtr52rob3i,src_vjswks7fsjsujiihpytruaclvq,1045,EUR,Regular,,Authorized,true,false,act_5hykmbu6oeqkpfnxz54wa5kjrq,
pay_vqpibcnsrpcknhxaj2cbumxcji,src_ptj4brwy3ovezbjilr3mkhijcu,1045,EUR,Regular,,Authorized,true,false,act_3adxm4j4qk52foud7j5iohcu3i,
pay_h3q7lmt42cx2bm2xcvnqk45vhe,src_bpt47rse4a3e7jaq6pitljhede,1045,EUR,Regular,,Authorized,true,false,act_jvribndsuv72levx5a24fi44qq,
pay_amrvein6a3x2ziazrenzvhlisy,src_rkhscje2cj5u3e6fs47karwqpq,1045,EUR,Regular,,Authorized,true,false,act_seayull37f5krorb66w4bhbkn4,
pay_6aq2kvwgoue2zlpdbihsbwtowq,src_tqpaquwc7mue3lpn7jeaw5kvxa,1045,EUR,Regular,,Authorized,true,false,act_b36zqfnhhe7kxkm454wvxoqa3q,
pay_kofaon6tkol23izsp5to2gt3dq,src_iaxz4nhennoelbc5v3jqhknxlm,1045,EUR,Regular,,Authorized,true,false,act_fwhutr3fmu42livyiwajbeqzqi,
pay_msrwujptgb3klogzsjabtwsc4i,src_rmot6wildyiufhge4myc2ie26i,1045,EUR,Regular,,Authorized,true,false,act_khngwwywcko2lhadou5ptosrdq,
pay_gb6lpco3wyvkjctqczookqnhsu,src_by5oqpevetjelb3jljzsg2cefa,1045,EUR,Regular,,Authorized,true,false,act_vm42rasr5dykrkp6viq5iidt5y,
pay_bs25yjklyyz2tbhlokwvusyfxq,src_m5hrepchyhqevd5s77geamgaie,1045,EUR,Regular,,Authorized,true,false,act_nznz6lu2z4okbiiscvv2vanquq,
pay_tpryb7h6i662fdkugbn3rqgrha,src_mw2qfyvg73culleyrxlml4r3yy,1045,EUR,Regular,,Authorized,true,false,act_fzpdljsji6nkto44xfo66l6vry,
pay_h74z2dpcqghkppz4o2tx4bfnw4,src_uej2bo3svbeexczwd5l5b2ea3u,1045,EUR,Regular,,Authorized,true,false,act_hmch2vtkgxxk7hgaennoos5deq,
pay_ww2as7cbrss27msrzwmqwcai2u,src_vlwfznhsseduvlszcxd6euxcuq,1045,EUR,Regular,,Authorized,true,false,act_6qu57pf7nw427g7hapc7y7srg4,
pay_e5hzteycqqxkhjryhjnpf2wg7m,src_ro3wh2zzhjbe3ptvjhrvdk4yci,1045,EUR,Regular,,Authorized,true,false,act_5trj3ttlycc2tnnfedn7472l7e,
pay_35njrn65t6a2ncqjjb5vifa66y,src_vtdp247nr3zutla47swneyxeiy,1045,EUR,Regular,,Authorized,true,false,act_ni57rks6vkykrmr6cm2tnmrjsu,